customerID,gender,SeniorCitizen,tenure,PhoneService,InternetService,MonthlyCharges,TotalCharges,Churn
CUST00001,Female,0,5,No,DSL,97.9,523.01,Yes
CUST00002,Male,0,4,No,Fiber optic,79.19,349.06,Yes
CUST00003,Male,1,6,Yes,Fiber optic,75.96,423.02,No
CUST00004,Female,0,24,No,Fiber optic,27.07,608.44,Yes
CUST00005,Female,1,21,No,DSL,37.01,977.6,No
CUST00006,Male,0,28,Yes,No,49.73,1627.46,No
CUST00007,Female,1,51,Yes,Fiber optic,88.18,4051.73,No
CUST00008,Female,0,4,No,DSL,89.97,353.01,Yes
CUST00009,Female,0,59,No,No,57.8,3819.22,No
CUST00010,Female,0,23,No,DSL,65.06,1364.22,No
CUST00011,Female,1,7,Yes,DSL,93.99,627.55,Yes
CUST00012,Male,0,58,Yes,DSL,64.61,3807.62,No
CUST00013,Female,1,1,No,DSL,72.91,76.91,Yes
CUST00014,Female,1,14,Yes,Fiber optic,31.37,441.9,Yes
CUST00015,Male,0,35,Yes,Fiber optic,90.8,3415.26,Yes
CUST00016,Female,0,32,No,DSL,21.16,364.82,No
CUST00017,Male,0,71,Yes,Fiber optic,23.94,1796.74,No
CUST00018,Male,0,12,Yes,No,53.39,756.94,No
CUST00019,Female,0,34,No,DSL,94.36,,No
CUST00020,Female,0,12,No,DSL,54.08,712.93,No
CUST00021,Male,1,12,Yes,DSL,45.4,611.02,No
CUST00022,Male,0,36,No,Fiber optic,96.42,3782.2,No
CUST00023,Female,0,0,No,Fiber optic,109.41,,Yes
CUST00024,Female,1,13,No,Fiber optic,85.0,1137.23,Yes
CUST00025,Female,0,6,No,DSL,90.35,551.72,No
CUST00026,Male,0,23,Yes,DSL,32.53,872.33,No
CUST00027,Female,0,1,Yes,Fiber optic,68.17,63.28,Yes
CUST00028,Female,0,19,Yes,DSL,26.56,408.38,No
CUST00029,Male,0,4,Yes,Fiber optic,98.38,355.91,No
CUST00030,Male,0,32,Yes,Fiber optic,27.38,755.56,Yes
CUST00031,Female,0,62,No,No,62.22,3308.61,No
CUST00032,Female,0,3,Yes,Fiber optic,72.31,202.68,Yes
CUST00033,Male,0,16,Yes,DSL,21.5,470.26,No
CUST00034,Male,0,39,No,DSL,49.76,1790.86,No
CUST00035,Female,0,16,Yes,No,42.67,525.22,No
CUST00036,Male,0,52,Yes,Fiber optic,79.92,,Yes
CUST00037,Male,0,42,Yes,Fiber optic,62.8,,No
CUST00038,Female,0,31,No,Fiber optic,70.4,2002.41,No
CUST00039,Male,0,9,Yes,DSL,60.07,549.57,No
CUST00040,Female,0,26,No,Fiber optic,36.09,991.81,No
CUST00041,Male,0,1,No,DSL,66.25,64.34,No
CUST00042,Male,0,65,Yes,Fiber optic,43.45,2249.69,No
CUST00043,Male,0,6,No,DSL,73.7,413.81,Yes
CUST00044,Female,1,9,No,No,66.65,543.48,Yes
CUST00045,Female,0,71,Yes,Fiber optic,46.69,3213.14,Yes
CUST00046,Female,0,10,Yes,DSL,68.57,597.03,No
CUST00047,Female,0,0,No,DSL,91.54,,Yes
CUST00048,Female,1,66,No,Fiber optic,52.3,2965.57,No
CUST00049,Male,0,30,Yes,Fiber optic,90.3,2494.88,No
CUST00050,Male,1,18,No,DSL,51.77,1005.77,No
CUST00051,Female,0,20,Yes,Fiber optic,66.23,1437.36,No
CUST00052,Male,0,12,Yes,Fiber optic,32.96,504.09,No
CUST00053,Female,1,26,No,DSL,64.0,1718.86,No
CUST00054,Female,0,11,Yes,Fiber optic,66.51,832.88,No
CUST00055,Male,0,15,Yes,DSL,58.72,876.86,No
CUST00056,Female,1,58,No,Fiber optic,92.25,4883.4,No
CUST00057,Male,0,7,Yes,Fiber optic,107.78,707.82,Yes
CUST00058,Male,1,26,No,DSL,69.01,1609.64,No
CUST00059,Male,1,4,Yes,DSL,83.17,321.8,Yes
CUST00060,Male,0,15,No,DSL,23.23,219.16,No
CUST00061,Male,0,11,No,DSL,69.98,800.06,No
CUST00062,Female,0,11,No,DSL,97.87,1002.63,Yes
CUST00063,Male,0,57,Yes,DSL,92.84,5701.76,No
CUST00064,Male,0,11,Yes,No,72.33,760.37,No
CUST00065,Male,0,30,No,Fiber optic,31.79,1115.93,No
CUST00066,Female,0,41,No,No,90.26,3345.4,No
CUST00067,Female,0,17,Yes,Fiber optic,64.47,1231.5,No
CUST00068,Female,0,8,Yes,No,109.02,805.22,No
CUST00069,Female,1,8,Yes,DSL,75.37,640.92,Yes
CUST00070,Female,0,9,Yes,DSL,78.15,636.9,Yes
CUST00071,Male,0,61,Yes,DSL,33.02,1612.96,No
CUST00072,Female,0,42,Yes,Fiber optic,36.66,1762.11,No
CUST00073,Female,0,43,Yes,Fiber optic,36.77,1701.09,Yes
CUST00074,Female,1,56,Yes,DSL,68.75,4095.91,No
CUST00075,Female,1,41,Yes,DSL,57.64,1971.64,No
CUST00076,Male,1,8,No,No,60.72,487.41,No
CUST00077,Female,0,45,No,Fiber optic,87.65,3845.9,No
CUST00078,Male,0,25,No,Fiber optic,54.93,1413.71,No
CUST00079,Male,0,9,No,Fiber optic,61.09,558.91,Yes
CUST00080,Female,0,58,No,No,75.77,4908.35,No
CUST00081,Female,0,10,No,Fiber optic,95.59,914.39,No
CUST00082,Male,0,64,Yes,No,82.34,5075.82,No
CUST00083,Female,0,52,No,DSL,91.11,4900.88,No
CUST00084,Male,0,11,Yes,DSL,65.57,757.61,No
CUST00085,Female,0,8,Yes,DSL,61.95,426.29,No
CUST00086,Male,0,1,Yes,No,83.64,90.93,No
CUST00087,Male,0,21,Yes,DSL,89.8,1700.87,No
CUST00088,Male,0,4,Yes,DSL,99.81,,No
CUST00089,Male,0,70,Yes,DSL,21.3,872.06,No
CUST00090,Female,0,1,Yes,DSL,63.71,62.14,No
CUST00091,Female,0,45,Yes,DSL,91.69,4398.42,No
CUST00092,Female,1,10,No,No,61.43,643.33,No
CUST00093,Male,0,63,No,DSL,38.78,2778.31,No
CUST00094,Female,0,4,No,Fiber optic,88.79,347.82,No
CUST00095,Female,0,6,Yes,No,92.67,516.32,No
CUST00096,Male,0,53,Yes,Fiber optic,23.97,948.07,No
CUST00097,Male,1,48,Yes,Fiber optic,98.3,5170.77,No
CUST00098,Male,0,32,Yes,DSL,27.0,937.96,No
CUST00099,Female,0,56,Yes,No,84.73,4941.18,No
CUST00100,Female,0,7,No,Fiber optic,60.48,445.61,No
CUST00101,Female,0,10,No,Fiber optic,72.54,,Yes
CUST00102,Female,0,8,Yes,Fiber optic,69.83,603.32,No
CUST00103,Male,0,7,No,DSL,81.89,634.32,Yes
CUST00104,Male,0,35,No,Fiber optic,89.86,2903.95,No
CUST00105,Male,1,56,No,Fiber optic,90.9,5528.13,No
CUST00106,Female,0,12,No,DSL,56.42,773.01,No
CUST00107,Female,1,34,No,Fiber optic,94.1,2916.36,No
CUST00108,Male,0,10,Yes,DSL,85.57,936.49,Yes
CUST00109,Female,0,26,No,Fiber optic,63.92,1448.89,No
CUST00110,Male,0,51,Yes,DSL,56.18,2767.29,No
CUST00111,Female,0,40,Yes,Fiber optic,81.14,3317.7,No
CUST00112,Male,0,31,Yes,DSL,42.83,1164.52,No
CUST00113,Female,0,23,No,No,69.91,1433.11,No
CUST00114,Female,0,7,Yes,No,100.8,640.93,No
CUST00115,Male,1,22,Yes,DSL,35.13,574.97,No
CUST00116,Male,0,8,No,DSL,100.14,745.32,Yes
CUST00117,Female,0,29,No,No,56.58,1607.35,No
CUST00118,Female,0,1,No,Fiber optic,96.71,100.21,Yes
CUST00119,Female,0,7,No,Fiber optic,83.83,589.23,Yes
CUST00120,Male,0,8,Yes,No,99.15,734.19,No
CUST00121,Male,1,24,No,DSL,48.74,1112.27,No
CUST00122,Male,0,8,No,Fiber optic,97.25,849.93,Yes
CUST00123,Female,0,57,No,DSL,85.22,5325.52,No
CUST00124,Male,0,60,Yes,No,91.42,4926.27,No
CUST00125,Male,0,50,Yes,No,79.47,3924.97,No
CUST00126,Female,0,61,No,No,83.06,4680.4,No
CUST00127,Male,0,26,No,No,34.0,817.53,No
CUST00128,Male,0,10,Yes,DSL,76.2,750.94,No
CUST00129,Female,0,11,Yes,No,61.1,625.39,No
CUST00130,Male,0,4,Yes,No,100.52,,Yes
CUST00131,Male,0,58,Yes,DSL,25.64,1782.87,No
CUST00132,Female,0,4,Yes,Fiber optic,83.99,337.62,Yes
CUST00133,Male,0,29,No,Fiber optic,26.57,830.35,Yes
CUST00134,Female,0,46,Yes,No,40.11,1754.98,No
CUST00135,Female,0,65,No,DSL,70.8,4851.73,No
CUST00136,Male,1,8,Yes,DSL,95.09,805.45,Yes
CUST00137,Male,0,51,Yes,Fiber optic,24.6,1651.77,Yes
CUST00138,Female,1,12,Yes,Fiber optic,58.56,693.13,No
CUST00139,Male,0,28,Yes,DSL,97.5,2810.97,No
CUST00140,Female,1,11,Yes,Fiber optic,79.36,854.27,Yes
CUST00141,Male,1,55,No,DSL,86.7,5202.56,No
CUST00142,Male,0,12,Yes,Fiber optic,67.82,877.07,Yes
CUST00143,Female,0,50,No,DSL,27.81,1452.62,No
CUST00144,Female,0,2,No,No,69.27,154.89,No
CUST00145,Female,0,7,Yes,Fiber optic,67.97,409.57,Yes
CUST00146,Female,0,2,No,No,79.97,148.83,Yes
CUST00147,Male,0,55,No,No,68.44,3729.93,No
CUST00148,Female,0,24,No,No,40.52,960.0,No
CUST00149,Male,0,67,No,No,56.8,4425.89,No
CUST00150,Male,0,12,No,Fiber optic,94.47,1111.43,No
CUST00151,Female,0,30,No,Fiber optic,31.67,907.34,No
CUST00152,Male,0,10,No,DSL,90.33,981.89,No
CUST00153,Male,0,15,No,No,73.09,1095.76,No
CUST00154,Male,1,68,Yes,No,39.93,3066.88,Yes
CUST00155,Male,0,55,Yes,Fiber optic,22.52,806.16,No
CUST00156,Male,0,7,No,Fiber optic,66.07,480.57,No
CUST00157,Female,0,11,No,DSL,100.69,1142.6,No
CUST00158,Female,0,30,No,Fiber optic,88.48,2848.63,No
CUST00159,Male,0,44,Yes,No,36.9,1391.65,No
CUST00160,Female,0,14,No,DSL,42.77,584.54,No
CUST00161,Male,0,10,No,DSL,67.66,765.05,No
CUST00162,Female,0,9,Yes,Fiber optic,94.76,916.49,No
CUST00163,Female,1,19,Yes,DSL,65.15,1363.36,Yes
CUST00164,Male,1,35,Yes,Fiber optic,29.76,1337.56,No
CUST00165,Male,0,12,No,DSL,30.77,343.92,No
CUST00166,Male,0,71,No,Fiber optic,84.62,6404.14,No
CUST00167,Female,0,49,Yes,Fiber optic,35.39,1344.56,No
CUST00168,Female,0,57,No,DSL,43.22,2561.22,No
CUST00169,Male,0,2,No,DSL,71.82,128.75,Yes
CUST00170,Female,0,4,No,Fiber optic,65.79,243.3,No
CUST00171,Male,1,72,Yes,DSL,49.04,4219.5,No
CUST00172,Female,0,15,No,Fiber optic,84.72,1382.18,Yes
CUST00173,Female,0,13,No,DSL,75.28,1068.05,No
CUST00174,Male,0,19,No,Fiber optic,92.13,1573.66,No
CUST00175,Male,0,5,Yes,No,72.23,348.03,No
CUST00176,Female,1,11,No,DSL,61.49,585.78,Yes
CUST00177,Female,1,45,No,No,48.61,2390.13,No
CUST00178,Male,0,22,Yes,DSL,73.49,1686.53,No
CUST00179,Female,0,41,Yes,DSL,67.32,2994.74,No
CUST00180,Female,0,64,Yes,No,64.46,3537.35,No
CUST00181,Female,0,3,Yes,DSL,99.05,295.51,Yes
CUST00182,Female,1,0,No,DSL,69.67,,No
CUST00183,Female,0,67,No,No,78.31,5634.86,No
CUST00184,Female,0,4,Yes,DSL,109.32,420.04,Yes
CUST00185,Male,0,28,Yes,No,42.13,1356.22,No
CUST00186,Female,0,25,Yes,Fiber optic,57.09,1258.22,Yes
CUST00187,Female,1,4,Yes,No,109.96,473.69,Yes
CUST00188,Female,0,1,No,Fiber optic,108.14,118.11,Yes
CUST00189,Male,0,29,No,Fiber optic,27.35,1039.87,Yes
CUST00190,Male,0,41,No,DSL,38.37,1767.09,No
CUST00191,Male,0,9,Yes,Fiber optic,105.94,1020.13,No
CUST00192,Female,0,65,No,Fiber optic,46.06,3490.41,Yes
CUST00193,Female,0,61,No,No,78.91,4889.41,No
CUST00194,Male,0,15,No,No,96.78,1601.26,No
CUST00195,Male,0,11,Yes,No,108.1,1248.12,Yes
CUST00196,Female,0,0,No,Fiber optic,73.83,,Yes
CUST00197,Male,1,11,No,DSL,98.59,1008.41,No
CUST00198,Male,0,39,Yes,Fiber optic,98.59,3620.24,Yes
CUST00199,Male,0,27,Yes,Fiber optic,71.44,2099.87,No
CUST00200,Male,0,34,No,Fiber optic,48.91,1458.96,No
CUST00201,Male,1,29,Yes,Fiber optic,57.26,1894.56,Yes
CUST00202,Female,0,37,Yes,No,28.86,1368.25,No
CUST00203,Male,1,38,No,DSL,85.95,3007.83,No
CUST00204,Female,1,0,Yes,DSL,108.52,,Yes
CUST00205,Male,0,34,No,No,73.25,2727.02,No
CUST00206,Female,0,42,No,No,57.66,2671.71,No
CUST00207,Male,0,0,No,DSL,73.42,,Yes
CUST00208,Female,1,7,No,DSL,103.28,,No
CUST00209,Male,0,15,No,Fiber optic,55.86,744.49,No
CUST00210,Male,0,3,No,No,105.93,307.51,No
CUST00211,Male,0,59,No,Fiber optic,72.81,4717.72,Yes
CUST00212,Female,1,7,Yes,DSL,66.27,469.14,No
CUST00213,Female,0,7,No,Fiber optic,64.86,486.19,Yes
CUST00214,Female,0,72,Yes,No,88.63,5880.43,No
CUST00215,Female,1,53,No,DSL,81.11,4154.67,No
CUST00216,Female,0,3,Yes,DSL,90.29,267.55,Yes
CUST00217,Female,0,5,Yes,Fiber optic,97.84,490.17,No
CUST00218,Male,0,14,Yes,DSL,77.66,1154.7,No
CUST00219,Male,0,0,No,DSL,99.49,,No
CUST00220,Female,0,44,No,DSL,44.52,2353.71,No
CUST00221,Male,0,63,No,DSL,58.6,3528.88,No
CUST00222,Female,0,23,No,Fiber optic,83.31,1941.89,No
CUST00223,Female,1,44,Yes,DSL,64.15,3189.78,No
CUST00224,Female,0,21,Yes,DSL,96.2,2171.75,No
CUST00225,Male,0,69,Yes,DSL,39.86,2254.7,No
CUST00226,Female,0,4,No,Fiber optic,67.98,233.25,No
CUST00227,Female,0,8,Yes,DSL,62.68,527.18,No
CUST00228,Female,0,24,No,No,79.42,,No
CUST00229,Female,1,37,No,DSL,59.3,2408.06,Yes
CUST00230,Female,0,1,Yes,No,70.36,79.86,Yes
CUST00231,Female,0,49,Yes,DSL,47.68,1942.97,No
CUST00232,Female,0,0,Yes,DSL,81.57,,Yes
CUST00233,Male,1,19,No,Fiber optic,66.63,1429.03,Yes
CUST00234,Male,0,70,No,Fiber optic,48.4,3577.4,No
CUST00235,Male,0,58,No,DSL,86.42,4867.76,No
CUST00236,Male,1,4,No,No,97.98,382.38,No
CUST00237,Male,0,16,Yes,DSL,24.72,354.52,No
CUST00238,Male,0,69,No,Fiber optic,28.79,1455.29,No
CUST00239,Female,0,45,Yes,Fiber optic,82.66,4057.75,No
CUST00240,Female,1,26,No,Fiber optic,93.53,2348.71,No
CUST00241,Male,0,57,Yes,No,93.93,5222.93,No
CUST00242,Male,0,63,Yes,DSL,36.0,2716.29,No
CUST00243,Male,0,12,No,DSL,59.41,655.74,No
CUST00244,Male,0,5,No,DSL,75.79,397.35,Yes
CUST00245,Female,0,49,No,Fiber optic,23.45,1347.73,No
CUST00246,Male,0,34,Yes,No,70.41,2526.28,No
CUST00247,Female,0,15,No,DSL,37.23,663.76,No
CUST00248,Male,0,12,No,Fiber optic,59.66,682.7,No
CUST00249,Male,1,12,No,DSL,55.46,647.63,No
CUST00250,Female,0,5,Yes,No,87.16,390.38,Yes
CUST00251,Female,0,13,No,DSL,32.4,313.88,No
CUST00252,Female,0,24,Yes,DSL,21.91,434.01,No
CUST00253,Male,1,58,No,DSL,69.0,3923.42,No
CUST00254,Male,1,40,Yes,Fiber optic,34.38,1031.02,Yes
CUST00255,Female,0,2,Yes,DSL,70.36,133.54,Yes
CUST00256,Male,0,37,No,No,60.33,1894.14,No
CUST00257,Male,0,65,Yes,DSL,80.98,5701.37,No
CUST00258,Male,0,0,No,Fiber optic,109.34,,Yes
CUST00259,Male,0,22,Yes,Fiber optic,35.53,939.67,No
CUST00260,Female,1,18,Yes,DSL,42.1,832.68,No
CUST00261,Female,0,6,Yes,No,80.36,436.11,Yes
CUST00262,Female,0,3,No,No,94.97,285.36,Yes
CUST00263,Male,0,6,No,Fiber optic,72.45,415.91,Yes
CUST00264,Female,0,20,Yes,DSL,37.34,561.39,No
CUST00265,Female,1,12,Yes,Fiber optic,50.0,480.26,No
CUST00266,Female,0,4,Yes,Fiber optic,104.41,388.51,Yes
CUST00267,Female,0,18,Yes,DSL,28.01,642.86,No
CUST00268,Female,0,19,No,DSL,86.67,1620.22,No
CUST00269,Female,0,11,Yes,Fiber optic,70.49,816.14,No
CUST00270,Female,0,27,No,Fiber optic,61.55,1437.34,No
CUST00271,Female,1,39,Yes,DSL,69.5,2681.53,Yes
CUST00272,Female,0,20,Yes,Fiber optic,95.55,1995.82,No
CUST00273,Male,0,3,Yes,DSL,100.25,321.98,Yes
CUST00274,Male,1,17,Yes,Fiber optic,80.18,1374.29,No
CUST00275,Female,0,2,Yes,DSL,109.19,230.04,Yes
CUST00276,Female,0,17,Yes,Fiber optic,98.73,1619.08,No
CUST00277,Male,0,63,Yes,Fiber optic,58.14,3397.45,Yes
CUST00278,Female,0,15,No,Fiber optic,66.43,1054.54,No
CUST00279,Female,0,10,No,Fiber optic,73.76,706.24,Yes
CUST00280,Female,1,11,No,DSL,96.22,,Yes
CUST00281,Male,0,57,No,No,27.72,1987.33,No
CUST00282,Male,0,21,Yes,DSL,68.92,1481.89,No
CUST00283,Male,0,66,No,DSL,56.48,4196.05,No
CUST00284,Female,1,16,No,No,55.72,743.86,No
CUST00285,Female,0,9,Yes,DSL,67.2,593.22,No
CUST00286,Male,0,46,No,DSL,90.39,4548.92,No
CUST00287,Female,0,1,No,No,105.54,114.98,No
CUST00288,Female,0,8,Yes,No,68.74,578.59,No
CUST00289,Male,0,72,Yes,DSL,29.17,2138.32,No
CUST00290,Female,0,48,Yes,Fiber optic,38.48,2311.81,No
CUST00291,Male,0,8,No,No,98.63,759.32,No
CUST00292,Female,0,52,Yes,Fiber optic,84.37,3953.73,No
CUST00293,Female,0,68,No,Fiber optic,73.37,4900.32,No
CUST00294,Male,0,51,Yes,Fiber optic,96.23,4567.5,Yes
CUST00295,Female,0,3,Yes,DSL,105.83,315.14,No
CUST00296,Female,1,59,No,No,36.08,2338.23,No
CUST00297,Male,0,39,No,Fiber optic,22.85,517.3,No
CUST00298,Female,1,16,No,Fiber optic,81.83,1439.67,Yes
CUST00299,Female,1,27,No,DSL,55.69,1314.32,No
CUST00300,Female,1,4,Yes,Fiber optic,79.11,295.37,No
CUST00301,Female,0,55,No,No,66.11,3373.33,No
CUST00302,Female,0,38,Yes,DSL,47.73,1586.1,No
CUST00303,Female,0,42,Yes,No,48.77,2343.22,No
CUST00304,Male,0,21,No,Fiber optic,30.6,825.74,No
CUST00305,Female,1,4,No,DSL,64.29,225.87,Yes
CUST00306,Male,0,11,No,DSL,98.49,,Yes
CUST00307,Male,0,8,Yes,DSL,74.03,525.07,Yes
CUST00308,Female,0,25,No,Fiber optic,47.9,1239.93,No
CUST00309,Female,1,0,Yes,No,91.89,,Yes
CUST00310,Female,0,5,No,Fiber optic,105.96,509.84,Yes
CUST00311,Female,0,36,No,DSL,31.38,1012.54,No
CUST00312,Male,0,6,Yes,Fiber optic,92.58,613.26,No
CUST00313,Female,0,9,Yes,No,61.23,537.16,No
CUST00314,Female,0,22,Yes,Fiber optic,92.94,2030.09,Yes
CUST00315,Male,0,12,No,DSL,50.68,553.51,No
CUST00316,Female,0,27,Yes,DSL,60.38,1766.45,No
CUST00317,Female,0,10,Yes,Fiber optic,64.04,576.67,Yes
CUST00318,Female,0,71,Yes,DSL,26.33,1243.39,No
CUST00319,Male,0,36,No,DSL,49.35,1529.46,No
CUST00320,Male,0,21,No,Fiber optic,70.54,1487.02,No
CUST00321,Male,1,11,Yes,Fiber optic,63.42,728.58,No
CUST00322,Male,0,13,Yes,Fiber optic,96.6,1143.32,No
CUST00323,Female,1,18,No,No,75.87,1259.92,No
CUST00324,Male,0,7,No,No,84.41,552.28,No
CUST00325,Male,0,3,Yes,No,92.94,265.97,No
CUST00326,Male,1,29,No,Fiber optic,65.63,2127.31,No
CUST00327,Male,0,14,Yes,Fiber optic,88.16,1340.87,No
CUST00328,Female,0,55,No,Fiber optic,43.58,1867.25,No
CUST00329,Female,0,2,Yes,Fiber optic,73.81,129.28,Yes
CUST00330,Female,1,8,No,DSL,83.17,719.34,Yes
CUST00331,Female,0,28,Yes,Fiber optic,89.15,2730.22,No
CUST00332,Female,0,5,No,DSL,63.51,305.15,No
CUST00333,Female,1,71,Yes,Fiber optic,52.21,3269.23,No
CUST00334,Female,0,36,No,Fiber optic,71.71,2643.62,No
CUST00335,Female,0,4,No,DSL,89.69,385.27,No
CUST00336,Male,0,59,No,DSL,48.34,3361.5,No
CUST00337,Female,0,66,No,Fiber optic,76.43,5405.83,No
CUST00338,Male,0,8,Yes,Fiber optic,108.56,904.15,Yes
CUST00339,Male,0,64,No,Fiber optic,67.81,4411.1,Yes
CUST00340,Male,0,58,Yes,Fiber optic,98.3,5653.47,No
CUST00341,Male,1,3,No,No,99.64,,Yes
CUST00342,Female,0,71,Yes,Fiber optic,54.75,3280.73,No
CUST00343,Male,0,34,No,No,88.64,,No
CUST00344,Male,0,54,No,DSL,42.55,2441.89,No
CUST00345,Female,0,48,No,Fiber optic,39.67,1535.51,Yes
CUST00346,Female,1,7,No,DSL,70.29,434.08,Yes
CUST00347,Male,0,59,Yes,Fiber optic,66.2,4259.88,No
CUST00348,Male,0,33,Yes,No,83.67,2490.35,No
CUST00349,Female,0,23,Yes,Fiber optic,76.9,1764.39,No
CUST00350,Male,0,15,Yes,DSL,91.89,,No
CUST00351,Female,0,70,Yes,DSL,38.89,3419.3,No
CUST00352,Male,0,59,Yes,DSL,47.05,2639.61,No
CUST00353,Female,0,1,No,DSL,69.58,75.14,No
CUST00354,Male,0,7,No,Fiber optic,62.64,469.25,Yes
CUST00355,Male,0,54,No,Fiber optic,98.53,5320.29,No
CUST00356,Male,0,5,No,No,74.53,380.89,Yes
CUST00357,Female,1,0,No,Fiber optic,77.08,,Yes
CUST00358,Male,0,8,No,Fiber optic,85.67,754.33,No
CUST00359,Male,0,60,No,DSL,72.23,4889.03,No
CUST00360,Male,0,11,Yes,Fiber optic,76.49,,No
CUST00361,Male,0,4,Yes,Fiber optic,95.02,413.89,Yes
CUST00362,Female,1,24,Yes,Fiber optic,52.22,1314.68,No
CUST00363,Female,0,2,Yes,Fiber optic,100.69,200.68,No
CUST00364,Male,0,47,No,No,60.27,3121.64,No
CUST00365,Female,0,33,No,DSL,62.47,1747.66,No
CUST00366,Female,0,19,No,Fiber optic,85.14,1475.05,No
CUST00367,Female,0,0,Yes,DSL,81.24,,Yes
CUST00368,Male,0,32,Yes,Fiber optic,89.16,2720.09,No
CUST00369,Female,0,43,Yes,DSL,22.05,1267.17,No
CUST00370,Male,0,7,Yes,No,71.95,441.12,No
CUST00371,Female,1,11,Yes,Fiber optic,60.66,601.09,Yes
CUST00372,Male,0,13,No,No,45.4,562.0,No
CUST00373,Female,0,39,Yes,Fiber optic,26.55,1022.84,No
CUST00374,Male,0,40,Yes,Fiber optic,76.04,3340.55,No
CUST00375,Male,0,41,No,Fiber optic,39.08,1942.68,No
CUST00376,Male,0,15,No,No,35.95,496.3,No
CUST00377,Female,1,34,No,DSL,38.69,1383.63,No
CUST00378,Male,0,20,Yes,Fiber optic,24.12,654.7,Yes
CUST00379,Male,0,5,Yes,Fiber optic,107.56,511.65,Yes
CUST00380,Male,0,41,Yes,DSL,90.91,3868.42,No
CUST00381,Female,0,6,No,No,97.08,,Yes
CUST00382,Male,0,9,No,DSL,96.15,873.26,Yes
CUST00383,Male,0,54,No,DSL,25.77,1510.25,No
CUST00384,Male,0,2,No,Fiber optic,78.83,153.53,Yes
CUST00385,Female,0,32,Yes,DSL,81.1,2533.77,No
CUST00386,Female,1,32,No,Fiber optic,77.97,2751.1,Yes
CUST00387,Female,1,3,Yes,Fiber optic,88.66,259.11,Yes
CUST00388,Female,0,3,No,Fiber optic,90.58,249.92,No
CUST00389,Male,0,4,Yes,DSL,80.79,314.96,No
CUST00390,Male,0,15,Yes,DSL,85.95,1267.85,No
CUST00391,Male,0,24,No,DSL,91.69,,No
CUST00392,Male,0,1,No,Fiber optic,98.79,107.02,Yes
CUST00393,Male,0,48,No,No,66.09,2902.66,No
CUST00394,Female,0,38,No,DSL,37.61,1256.84,No
CUST00395,Male,0,1,Yes,DSL,90.5,83.44,No
CUST00396,Female,0,27,No,DSL,67.86,1582.61,No
CUST00397,Female,0,71,Yes,Fiber optic,74.06,5959.56,No
CUST00398,Female,0,0,Yes,Fiber optic,75.3,,No
CUST00399,Male,0,5,Yes,DSL,73.62,336.91,No
CUST00400,Male,0,17,No,Fiber optic,44.94,788.26,Yes
CUST00401,Male,0,7,Yes,DSL,97.87,698.39,No
CUST00402,Female,0,64,Yes,Fiber optic,81.64,5723.79,No
CUST00403,Female,0,72,Yes,DSL,26.32,2090.58,No
CUST00404,Male,0,31,Yes,DSL,34.56,1300.21,No
CUST00405,Female,0,39,No,Fiber optic,53.88,2071.94,No
CUST00406,Male,1,1,Yes,Fiber optic,76.8,75.48,No
CUST00407,Male,0,57,Yes,DSL,76.5,4877.64,No
CUST00408,Male,0,5,Yes,DSL,94.59,513.48,No
CUST00409,Male,1,40,No,No,95.63,3995.12,No
CUST00410,Female,0,69,Yes,No,79.05,5875.62,No
CUST00411,Female,0,39,No,Fiber optic,24.27,964.59,Yes
CUST00412,Male,0,48,No,DSL,48.4,2050.81,No
CUST00413,Female,0,47,No,Fiber optic,51.6,2159.49,Yes
CUST00414,Female,0,23,Yes,Fiber optic,89.33,1938.58,Yes
CUST00415,Female,0,39,Yes,DSL,73.72,,No
CUST00416,Male,0,7,No,No,105.31,755.3,Yes
CUST00417,Male,1,40,Yes,Fiber optic,52.63,1875.67,No
CUST00418,Female,0,6,Yes,DSL,93.56,621.09,No
CUST00419,Male,0,2,No,DSL,106.22,198.06,Yes
CUST00420,Male,1,10,Yes,DSL,88.83,795.56,No
CUST00421,Female,0,1,No,No,108.08,110.94,No
CUST00422,Female,0,46,Yes,DSL,25.82,1299.84,No
CUST00423,Male,0,59,No,DSL,86.31,5015.71,No
CUST00424,Female,0,18,Yes,Fiber optic,80.37,1492.16,No
CUST00425,Female,0,58,Yes,DSL,52.43,2990.15,No
CUST00426,Female,0,14,No,DSL,97.2,1489.13,No
CUST00427,Male,0,3,No,Fiber optic,83.21,269.96,Yes
CUST00428,Female,0,17,No,DSL,32.63,451.13,No
CUST00429,Female,1,2,Yes,Fiber optic,104.4,204.62,Yes
CUST00430,Male,1,46,Yes,DSL,55.75,2435.16,No
CUST00431,Female,0,64,Yes,Fiber optic,58.58,4217.47,No
CUST00432,Male,0,29,No,Fiber optic,78.21,2227.54,No
CUST00433,Female,0,5,Yes,Fiber optic,107.76,585.92,No
CUST00434,Male,0,38,Yes,DSL,94.94,3666.55,No
CUST00435,Male,0,21,Yes,No,81.28,1906.66,No
CUST00436,Female,0,16,No,Fiber optic,54.79,749.94,Yes
CUST00437,Male,0,30,Yes,Fiber optic,40.33,1037.86,No
CUST00438,Male,0,39,No,No,54.08,1876.53,No
CUST00439,Female,0,3,Yes,Fiber optic,89.8,289.35,Yes
CUST00440,Male,0,60,No,DSL,74.78,,No
CUST00441,Male,0,21,Yes,No,83.9,,No
CUST00442,Male,0,6,Yes,DSL,66.68,401.76,No
CUST00443,Male,0,2,Yes,DSL,62.36,142.13,No
CUST00444,Male,1,6,Yes,DSL,77.35,,Yes
CUST00445,Male,1,8,No,Fiber optic,84.23,621.95,Yes
CUST00446,Female,0,61,Yes,DSL,40.54,3041.22,No
CUST00447,Female,0,71,Yes,Fiber optic,66.48,5139.18,No
CUST00448,Male,0,6,No,Fiber optic,92.22,608.97,No
CUST00449,Female,1,47,Yes,Fiber optic,95.99,4637.86,Yes
CUST00450,Female,0,33,Yes,DSL,68.56,1975.65,No
CUST00451,Male,0,34,No,Fiber optic,55.46,2022.48,No
CUST00452,Female,0,43,No,Fiber optic,85.11,3641.33,No
CUST00453,Male,0,8,No,Fiber optic,106.75,889.82,No
CUST00454,Female,0,67,No,Fiber optic,28.72,2576.99,No
CUST00455,Female,0,3,Yes,DSL,77.67,221.48,No
CUST00456,Female,0,2,No,DSL,88.53,182.44,Yes
CUST00457,Female,0,2,No,Fiber optic,89.07,181.59,Yes
CUST00458,Male,0,50,Yes,Fiber optic,91.03,4895.0,No
CUST00459,Male,0,64,No,DSL,90.13,5768.06,No
CUST00460,Male,0,28,No,Fiber optic,83.02,2426.16,No
CUST00461,Male,0,29,No,Fiber optic,97.39,2876.87,No
CUST00462,Male,0,7,No,No,79.76,596.66,No
CUST00463,Female,0,55,No,Fiber optic,81.99,4178.86,No
CUST00464,Female,0,9,Yes,No,101.93,840.23,No
CUST00465,Female,0,8,No,Fiber optic,68.94,628.07,No
CUST00466,Male,0,3,Yes,DSL,69.68,188.45,No
CUST00467,Female,0,49,Yes,Fiber optic,38.0,2211.0,No
CUST00468,Female,0,3,Yes,DSL,67.4,223.33,No
CUST00469,Female,0,15,No,No,42.94,,No
CUST00470,Male,1,8,Yes,Fiber optic,103.05,787.46,Yes
CUST00471,Female,0,60,No,DSL,37.96,1762.63,No
CUST00472,Male,0,64,Yes,No,44.56,3046.38,No
CUST00473,Female,0,1,No,Fiber optic,79.55,,No
CUST00474,Female,0,0,Yes,Fiber optic,84.28,,No
CUST00475,Male,0,52,No,No,59.71,3480.21,No
CUST00476,Female,0,66,No,No,60.58,4600.63,No
CUST00477,Male,0,0,No,DSL,69.38,,No
CUST00478,Male,0,31,No,DSL,24.12,899.32,No
CUST00479,Female,0,2,No,No,64.33,124.74,No
CUST00480,Female,0,17,Yes,Fiber optic,85.12,1348.04,No
CUST00481,Male,0,55,Yes,Fiber optic,84.52,5136.09,No
CUST00482,Male,1,17,No,Fiber optic,47.75,,No
CUST00483,Female,0,43,No,No,29.93,1209.37,No
CUST00484,Male,0,0,Yes,Fiber optic,87.24,,Yes
CUST00485,Female,0,8,Yes,No,74.58,628.68,No
CUST00486,Female,0,0,No,Fiber optic,60.44,,Yes
CUST00487,Male,0,37,Yes,No,81.57,3076.22,No
CUST00488,Male,1,20,No,No,74.66,1388.59,No
CUST00489,Female,0,16,Yes,Fiber optic,95.22,1656.86,No
CUST00490,Female,1,28,No,Fiber optic,57.88,1585.87,No
CUST00491,Male,0,1,Yes,Fiber optic,65.2,74.74,Yes
CUST00492,Female,0,8,No,DSL,83.49,637.61,No
CUST00493,Male,0,35,Yes,Fiber optic,26.52,813.41,Yes
CUST00494,Female,0,1,No,No,69.85,72.66,No
CUST00495,Female,0,3,No,DSL,75.89,202.03,No
CUST00496,Female,0,18,Yes,DSL,94.32,1854.15,No
CUST00497,Female,0,66,Yes,DSL,39.49,2386.05,No
CUST00498,Male,1,54,No,Fiber optic,28.0,1657.58,No
CUST00499,Male,0,38,Yes,No,28.14,1393.02,No
CUST00500,Female,1,35,Yes,Fiber optic,68.05,2545.69,No
CUST00501,Female,1,11,Yes,Fiber optic,107.44,1080.73,Yes
CUST00502,Male,0,2,Yes,Fiber optic,96.97,187.96,No
CUST00503,Male,1,22,No,No,51.1,989.65,No
CUST00504,Male,1,67,Yes,Fiber optic,40.1,3065.86,Yes
CUST00505,Female,0,7,No,Fiber optic,97.96,654.64,No
CUST00506,Male,0,6,No,DSL,91.17,550.72,Yes
CUST00507,Male,1,69,Yes,No,73.88,5264.49,No
CUST00508,Male,0,9,No,Fiber optic,67.21,559.3,No
CUST00509,Male,0,25,No,Fiber optic,66.56,1748.37,No
CUST00510,Female,0,29,No,DSL,75.67,2203.21,No
CUST00511,Male,1,37,Yes,DSL,56.15,2412.55,Yes
CUST00512,Male,1,47,Yes,Fiber optic,63.96,,Yes
CUST00513,Female,0,6,Yes,Fiber optic,72.79,383.09,Yes
CUST00514,Male,0,5,No,No,87.98,393.98,Yes
CUST00515,Female,0,52,Yes,Fiber optic,35.0,1558.64,No
CUST00516,Male,0,28,Yes,Fiber optic,81.14,2099.17,Yes
CUST00517,Female,0,25,Yes,Fiber optic,59.55,1736.68,Yes
CUST00518,Male,1,2,Yes,DSL,108.55,208.71,Yes
CUST00519,Female,0,17,No,DSL,67.86,1081.02,No
CUST00520,Male,0,67,Yes,DSL,67.48,4878.55,No
CUST00521,Female,0,7,Yes,DSL,86.88,563.37,No
CUST00522,Male,1,59,No,Fiber optic,59.67,4005.68,No
CUST00523,Male,0,54,No,Fiber optic,48.85,2343.58,Yes
CUST00524,Female,1,59,Yes,DSL,35.49,2079.44,No
CUST00525,Female,1,50,Yes,Fiber optic,45.33,2045.21,Yes
CUST00526,Male,1,9,No,No,82.04,660.25,No
CUST00527,Female,0,70,No,DSL,89.7,6909.55,No
CUST00528,Male,0,69,No,DSL,33.29,2320.83,No
CUST00529,Male,0,30,Yes,Fiber optic,23.27,466.05,Yes
CUST00530,Male,0,44,No,Fiber optic,26.25,1517.14,No
CUST00531,Female,0,67,No,Fiber optic,95.09,6638.94,No
CUST00532,Female,0,8,Yes,Fiber optic,79.24,569.51,No
CUST00533,Female,1,10,No,DSL,95.2,1038.21,Yes
CUST00534,Male,0,9,Yes,Fiber optic,91.55,855.27,Yes
CUST00535,Female,0,12,No,DSL,20.54,,No
CUST00536,Female,1,11,No,DSL,81.44,919.99,Yes
CUST00537,Male,0,56,No,DSL,98.67,6002.07,No
CUST00538,Female,1,7,No,DSL,108.52,783.75,Yes
CUST00539,Female,0,16,Yes,Fiber optic,39.55,668.32,No
CUST00540,Female,0,8,Yes,Fiber optic,75.93,556.11,Yes
CUST00541,Female,0,21,Yes,DSL,66.36,1540.91,No
CUST00542,Female,0,59,No,DSL,55.22,3749.96,No
CUST00543,Male,1,9,No,Fiber optic,70.1,,Yes
CUST00544,Female,1,40,No,DSL,24.29,1063.53,Yes
CUST00545,Female,0,12,Yes,DSL,86.51,960.79,No
CUST00546,Male,0,6,Yes,Fiber optic,88.08,502.6,No
CUST00547,Female,0,5,No,No,85.41,471.85,No
CUST00548,Male,0,5,Yes,DSL,66.92,328.45,No
CUST00549,Female,0,17,No,Fiber optic,65.53,1243.75,No
CUST00550,Male,1,17,No,Fiber optic,79.18,1514.75,No
CUST00551,Female,0,39,No,Fiber optic,82.16,3163.75,No
CUST00552,Female,0,6,Yes,Fiber optic,72.95,447.58,No
CUST00553,Female,0,60,Yes,DSL,55.63,3004.02,No
CUST00554,Male,0,0,Yes,No,75.49,,No
CUST00555,Male,1,37,Yes,Fiber optic,50.47,2213.98,Yes
CUST00556,Female,0,42,Yes,Fiber optic,26.23,992.2,Yes
CUST00557,Female,0,2,No,Fiber optic,62.25,139.86,Yes
CUST00558,Female,0,6,Yes,No,95.1,524.4,Yes
CUST00559,Female,1,54,No,Fiber optic,80.4,3984.4,No
CUST00560,Male,0,48,No,Fiber optic,58.42,2705.78,No
CUST00561,Male,0,64,Yes,DSL,31.87,2028.75,No
CUST00562,Male,1,6,Yes,DSL,63.15,424.57,No
CUST00563,Male,0,58,No,Fiber optic,61.2,3617.57,No
CUST00564,Female,0,10,Yes,DSL,69.12,678.79,No
CUST00565,Male,0,7,Yes,Fiber optic,102.75,666.94,Yes
CUST00566,Male,0,7,No,Fiber optic,65.95,513.63,No
CUST00567,Female,0,7,Yes,DSL,109.63,700.13,Yes
CUST00568,Female,0,54,No,Fiber optic,51.29,2911.1,Yes
CUST00569,Female,0,42,Yes,DSL,90.61,3533.52,No
CUST00570,Female,0,32,No,DSL,48.14,1838.3,No
CUST00571,Male,0,43,No,Fiber optic,66.54,3067.57,No
CUST00572,Male,0,5,Yes,Fiber optic,98.91,489.08,No
CUST00573,Male,0,43,Yes,Fiber optic,99.91,,No
CUST00574,Male,0,66,Yes,Fiber optic,40.05,3060.42,No
CUST00575,Female,0,3,Yes,Fiber optic,72.39,218.52,Yes
CUST00576,Female,0,1,No,Fiber optic,104.71,107.09,Yes
CUST00577,Male,0,45,No,DSL,39.98,2138.92,No
CUST00578,Male,1,2,No,DSL,100.76,198.82,No
CUST00579,Female,0,5,No,DSL,96.03,476.25,Yes
CUST00580,Female,0,36,No,Fiber optic,57.76,2273.23,No
CUST00581,Male,0,62,Yes,DSL,94.02,6281.89,No
CUST00582,Male,0,36,Yes,Fiber optic,23.56,490.23,Yes
CUST00583,Female,0,65,Yes,Fiber optic,49.18,,No
CUST00584,Male,0,38,Yes,Fiber optic,90.57,3427.67,No
CUST00585,Female,0,9,No,DSL,65.38,642.88,No
CUST00586,Female,0,8,Yes,No,85.23,609.08,No
CUST00587,Male,0,12,Yes,No,97.0,1109.74,No
CUST00588,Male,0,47,No,DSL,77.38,3808.33,No
CUST00589,Female,0,2,Yes,Fiber optic,83.62,162.56,Yes
CUST00590,Male,0,35,No,Fiber optic,89.2,3108.34,No
CUST00591,Male,0,66,Yes,DSL,48.34,3730.0,No
CUST00592,Male,0,38,Yes,Fiber optic,55.58,2410.82,No
CUST00593,Female,0,71,No,DSL,67.4,5400.33,No
CUST00594,Male,0,0,Yes,Fiber optic,99.82,,No
CUST00595,Female,0,6,Yes,DSL,66.51,,No
CUST00596,Female,0,30,No,DSL,63.91,1962.93,No
CUST00597,Female,0,56,Yes,DSL,81.82,4197.2,No
CUST00598,Female,0,12,No,DSL,54.55,565.29,No
CUST00599,Male,0,44,No,Fiber optic,33.55,1721.91,No
CUST00600,Female,0,24,No,DSL,65.38,1739.89,No
CUST00601,Female,0,71,No,No,80.59,5124.66,No
CUST00602,Male,0,8,Yes,DSL,79.84,585.54,Yes
CUST00603,Female,0,44,Yes,DSL,96.46,4416.28,No
CUST00604,Female,1,6,Yes,DSL,65.37,439.08,No
CUST00605,Female,0,69,No,Fiber optic,57.11,4016.71,No
CUST00606,Male,0,0,No,Fiber optic,68.06,,No
CUST00607,Male,1,70,Yes,DSL,93.77,7031.4,Yes
CUST00608,Female,1,27,No,No,35.09,726.68,No
CUST00609,Male,0,41,No,DSL,29.8,,No
CUST00610,Female,0,67,Yes,Fiber optic,55.45,3123.08,No
CUST00611,Female,0,21,No,Fiber optic,99.93,2148.92,No
CUST00612,Female,1,14,No,Fiber optic,38.94,671.84,No
CUST00613,Male,0,71,Yes,No,62.61,4174.04,No
CUST00614,Female,0,38,No,No,53.45,2161.09,No
CUST00615,Male,0,12,No,Fiber optic,99.38,1145.39,No
CUST00616,Male,0,66,Yes,DSL,73.36,4211.64,No
CUST00617,Male,0,15,No,Fiber optic,28.99,295.59,No
CUST00618,Female,0,7,Yes,No,85.99,640.57,Yes
CUST00619,Female,1,5,Yes,DSL,61.46,259.3,No
CUST00620,Male,0,42,Yes,No,85.82,3964.13,No
CUST00621,Male,1,68,No,No,48.53,3904.29,No
CUST00622,Female,0,11,No,No,89.33,990.07,Yes
CUST00623,Male,0,10,Yes,Fiber optic,87.86,961.4,Yes
CUST00624,Female,0,0,No,DSL,67.67,,No
CUST00625,Male,0,72,No,No,31.32,1728.87,No
CUST00626,Male,0,11,Yes,No,108.54,1175.99,Yes
CUST00627,Male,0,9,No,Fiber optic,105.77,939.48,Yes
CUST00628,Male,1,58,No,DSL,72.51,4703.83,No
CUST00629,Male,0,44,No,DSL,85.22,3525.43,No
CUST00630,Male,0,3,No,No,71.97,224.41,Yes
CUST00631,Female,1,8,Yes,DSL,109.16,876.89,Yes
CUST00632,Female,0,7,Yes,DSL,102.69,652.86,Yes
CUST00633,Female,0,24,Yes,No,93.35,2246.33,No
CUST00634,Male,0,10,Yes,DSL,103.79,1076.66,Yes
CUST00635,Male,0,25,No,Fiber optic,49.34,1422.66,No
CUST00636,Male,1,4,No,Fiber optic,93.03,411.79,Yes
CUST00637,Female,0,72,Yes,Fiber optic,99.03,6415.9,No
CUST00638,Male,0,62,Yes,DSL,20.02,1766.68,No
CUST00639,Female,0,3,Yes,Fiber optic,93.88,288.26,Yes
CUST00640,Female,0,33,Yes,Fiber optic,32.6,1147.01,No
CUST00641,Female,0,6,Yes,DSL,101.08,,Yes
CUST00642,Female,0,42,Yes,DSL,81.81,3658.81,No
CUST00643,Female,0,47,No,DSL,51.33,2675.45,No
CUST00644,Female,0,13,No,DSL,32.85,472.95,No
CUST00645,Male,0,69,Yes,Fiber optic,61.16,4311.48,No
CUST00646,Female,0,16,No,DSL,51.97,835.4,No
CUST00647,Female,0,0,No,Fiber optic,81.68,,No
CUST00648,Male,0,15,No,DSL,85.64,1162.03,No
CUST00649,Female,0,46,No,DSL,50.17,2311.66,No
CUST00650,Male,1,26,Yes,No,66.34,1812.28,No
CUST00651,Female,1,4,Yes,Fiber optic,73.45,264.25,No
CUST00652,Female,0,38,Yes,DSL,43.48,,No
CUST00653,Female,0,6,Yes,No,87.56,573.16,Yes
CUST00654,Male,0,57,No,DSL,70.53,3894.36,No
CUST00655,Female,1,12,No,DSL,45.33,659.83,No
CUST00656,Female,0,7,No,DSL,109.97,827.17,Yes
CUST00657,Male,0,7,No,Fiber optic,72.08,522.57,No
CUST00658,Male,0,35,Yes,Fiber optic,75.31,2465.13,Yes
CUST00659,Female,0,3,No,DSL,81.35,227.22,Yes
CUST00660,Male,0,17,Yes,No,50.83,908.59,No
CUST00661,Female,1,11,No,No,101.19,1091.33,No
CUST00662,Female,0,9,No,DSL,65.53,551.74,No
CUST00663,Female,1,42,No,Fiber optic,45.77,1804.52,Yes
CUST00664,Female,0,6,No,Fiber optic,61.69,378.84,No
CUST00665,Female,1,29,No,DSL,74.15,1991.42,Yes
CUST00666,Female,1,10,No,Fiber optic,62.58,669.88,No
CUST00667,Female,1,3,Yes,DSL,71.47,211.73,No
CUST00668,Male,0,3,No,DSL,92.04,288.14,No
CUST00669,Female,0,7,Yes,Fiber optic,83.98,634.83,Yes
CUST00670,Female,0,44,No,No,30.62,1138.29,No
CUST00671,Female,0,30,Yes,DSL,89.08,2464.98,No
CUST00672,Female,0,12,Yes,Fiber optic,43.4,608.4,Yes
CUST00673,Female,0,40,Yes,Fiber optic,20.12,765.7,No
CUST00674,Female,0,58,Yes,DSL,82.03,4277.58,No
CUST00675,Female,0,6,No,Fiber optic,107.46,684.61,No
CUST00676,Female,1,11,No,No,95.01,,No
CUST00677,Female,0,68,No,Fiber optic,47.73,3160.12,No
CUST00678,Female,0,9,No,DSL,81.46,729.32,Yes
CUST00679,Female,1,53,Yes,DSL,97.54,5329.88,Yes
CUST00680,Male,0,43,Yes,DSL,55.18,2535.87,No
CUST00681,Male,1,46,Yes,DSL,36.2,1866.19,No
CUST00682,Male,0,4,No,No,64.35,245.48,No
CUST00683,Female,0,4,No,Fiber optic,97.94,394.66,No
CUST00684,Male,1,40,No,No,38.67,1798.18,Yes
CUST00685,Male,0,24,No,No,81.88,1845.27,No
CUST00686,Female,0,11,No,Fiber optic,72.79,836.9,Yes
CUST00687,Female,0,11,No,Fiber optic,76.32,942.83,Yes
CUST00688,Male,0,5,Yes,Fiber optic,65.45,326.95,Yes
CUST00689,Female,1,19,No,DSL,39.38,690.11,No
CUST00690,Male,0,26,Yes,DSL,43.48,1222.62,No
CUST00691,Female,1,28,Yes,DSL,79.16,2192.42,Yes
CUST00692,Female,0,16,Yes,No,70.82,1112.68,No
CUST00693,Female,1,56,Yes,Fiber optic,20.85,845.27,No
CUST00694,Female,0,4,No,DSL,92.97,334.24,No
CUST00695,Female,0,27,Yes,DSL,42.07,873.18,No
CUST00696,Female,0,2,No,DSL,105.53,207.85,No
CUST00697,Male,1,54,No,DSL,85.03,5003.04,No
CUST00698,Male,0,61,Yes,Fiber optic,47.49,2418.3,Yes
CUST00699,Male,0,11,No,Fiber optic,94.51,1130.66,Yes
CUST00700,Female,0,54,Yes,Fiber optic,96.44,5595.58,No
CUST00701,Female,0,3,No,No,91.32,284.01,Yes
CUST00702,Male,1,38,No,No,66.45,2244.42,No
CUST00703,Female,0,64,Yes,Fiber optic,75.95,4441.6,No
CUST00704,Female,0,33,Yes,DSL,83.71,2617.78,No
CUST00705,Female,1,5,No,DSL,74.63,397.53,Yes
CUST00706,Male,0,70,No,Fiber optic,76.45,4781.65,No
CUST00707,Female,1,6,Yes,Fiber optic,76.43,481.64,No
CUST00708,Female,0,2,Yes,DSL,82.05,178.16,Yes
CUST00709,Male,0,11,Yes,DSL,109.69,1226.58,No
CUST00710,Female,1,71,No,DSL,25.07,2460.65,Yes
CUST00711,Female,0,25,No,Fiber optic,61.19,1728.69,Yes
CUST00712,Male,0,43,No,DSL,42.71,2056.85,No
CUST00713,Female,0,40,Yes,Fiber optic,56.29,2444.24,No
CUST00714,Male,0,53,No,Fiber optic,46.72,2131.4,No
CUST00715,Male,1,29,No,DSL,79.58,2077.01,No
CUST00716,Male,0,9,No,Fiber optic,76.83,621.77,No
CUST00717,Female,0,5,Yes,No,71.4,372.48,Yes
CUST00718,Male,0,4,Yes,DSL,67.31,298.36,No
CUST00719,Female,0,0,No,DSL,105.83,,Yes
CUST00720,Male,0,42,Yes,DSL,88.31,3516.21,No
CUST00721,Female,0,72,No,No,75.9,5876.59,No
CUST00722,Male,1,20,Yes,DSL,40.07,754.89,Yes
CUST00723,Female,0,9,Yes,Fiber optic,88.69,848.03,No
CUST00724,Male,0,39,No,No,73.15,2870.61,No
CUST00725,Female,0,52,No,Fiber optic,51.31,3039.88,Yes
CUST00726,Male,0,37,No,No,21.57,495.03,No
CUST00727,Female,0,12,Yes,Fiber optic,94.55,1044.97,No
CUST00728,Male,0,9,No,DSL,79.21,,No
CUST00729,Female,0,55,No,No,84.53,4291.95,No
CUST00730,Male,0,8,Yes,Fiber optic,68.92,589.7,No
CUST00731,Male,0,8,No,No,69.71,524.45,No
CUST00732,Male,1,56,Yes,Fiber optic,27.5,1476.43,No
CUST00733,Male,0,33,Yes,DSL,73.06,2531.72,No
CUST00734,Female,0,9,Yes,No,77.41,778.16,No
CUST00735,Female,0,70,Yes,Fiber optic,41.54,3087.42,Yes
CUST00736,Female,0,69,No,DSL,65.53,,No
CUST00737,Female,0,67,No,Fiber optic,50.4,2849.58,No
CUST00738,Female,0,9,Yes,No,79.13,694.23,No
CUST00739,Male,0,62,Yes,Fiber optic,31.05,2303.65,Yes
CUST00740,Male,0,34,No,Fiber optic,91.17,3439.75,No
CUST00741,Male,0,49,Yes,No,24.06,1632.26,No
CUST00742,Female,0,50,Yes,No,70.76,3846.0,No
CUST00743,Male,0,17,No,No,54.57,978.3,No
CUST00744,Male,0,56,Yes,DSL,22.98,1708.42,No
CUST00745,Female,0,70,No,DSL,22.32,1744.93,No
CUST00746,Female,0,66,Yes,DSL,59.12,4371.19,No
CUST00747,Female,1,0,Yes,Fiber optic,74.59,,Yes
CUST00748,Female,0,65,No,No,23.11,1212.01,No
CUST00749,Male,0,20,Yes,DSL,77.8,1427.46,No
CUST00750,Female,0,13,No,Fiber optic,43.91,538.58,Yes
CUST00751,Female,0,41,Yes,No,45.78,2206.44,No
CUST00752,Female,1,23,No,No,92.95,2307.39,No
CUST00753,Female,0,6,Yes,DSL,95.57,578.59,Yes
CUST00754,Male,0,6,No,No,72.09,,No
CUST00755,Male,0,12,No,No,82.04,970.61,No
CUST00756,Male,1,12,Yes,Fiber optic,89.29,,No
CUST00757,Male,0,28,No,DSL,62.51,1491.09,No
CUST00758,Male,0,11,No,No,95.59,1098.66,Yes
CUST00759,Male,0,64,No,No,95.61,6449.5,No
CUST00760,Male,0,40,Yes,DSL,30.1,1154.16,No
CUST00761,Female,0,65,No,No,80.11,5593.92,No
CUST00762,Male,0,60,No,DSL,80.16,5056.77,No
CUST00763,Male,1,34,No,DSL,91.68,2994.53,No
CUST00764,Male,0,55,No,No,76.4,3926.22,No
CUST00765,Male,0,49,No,Fiber optic,22.05,941.25,No
CUST00766,Male,0,53,No,No,83.83,4861.11,No
CUST00767,Male,0,6,Yes,DSL,68.53,358.39,No
CUST00768,Male,0,29,Yes,DSL,22.25,929.21,No
CUST00769,Male,0,10,Yes,Fiber optic,94.37,878.78,No
CUST00770,Male,0,36,No,DSL,44.26,1695.55,No
CUST00771,Male,0,32,No,Fiber optic,60.36,1791.33,Yes
CUST00772,Male,0,64,Yes,DSL,79.96,4679.28,No
CUST00773,Male,0,63,No,DSL,28.0,1887.99,No
CUST00774,Male,1,7,Yes,Fiber optic,85.86,649.74,Yes
CUST00775,Male,0,5,No,Fiber optic,95.92,478.11,No
CUST00776,Male,0,39,Yes,Fiber optic,27.69,1045.37,No
CUST00777,Female,0,6,Yes,Fiber optic,107.84,675.84,Yes
CUST00778,Male,1,67,No,No,52.36,3539.42,Yes
CUST00779,Female,0,8,Yes,DSL,90.09,765.33,No
CUST00780,Female,0,38,Yes,Fiber optic,86.53,3476.23,No
CUST00781,Male,0,8,No,No,64.51,482.84,No
CUST00782,Male,0,38,No,DSL,45.14,1363.58,No
CUST00783,Male,1,3,Yes,DSL,75.31,212.2,No
CUST00784,Male,0,22,No,DSL,89.9,1922.73,No
CUST00785,Female,0,46,No,No,43.04,1703.19,No
CUST00786,Female,1,25,Yes,DSL,36.03,1027.58,No
CUST00787,Female,0,26,No,DSL,75.52,1825.01,No
CUST00788,Male,0,21,Yes,No,23.96,376.45,No
CUST00789,Male,1,12,No,Fiber optic,57.34,675.34,No
CUST00790,Male,0,27,No,DSL,60.44,1784.54,No
CUST00791,Male,1,36,Yes,No,45.76,1435.64,No
CUST00792,Male,0,29,No,DSL,85.93,2704.48,No
CUST00793,Male,1,2,Yes,Fiber optic,76.02,142.96,No
CUST00794,Male,1,27,Yes,No,23.66,624.43,No
CUST00795,Female,0,10,Yes,Fiber optic,75.4,656.05,No
CUST00796,Male,0,39,No,Fiber optic,29.68,1435.26,No
CUST00797,Male,1,8,Yes,DSL,108.75,910.26,Yes
CUST00798,Female,1,16,Yes,Fiber optic,25.85,414.45,Yes
CUST00799,Male,0,3,Yes,DSL,82.7,269.4,No
CUST00800,Male,1,40,No,DSL,45.86,1921.17,No
CUST00801,Male,0,56,Yes,Fiber optic,37.63,2103.03,No
CUST00802,Female,0,9,No,DSL,65.2,571.97,No
CUST00803,Female,0,29,Yes,Fiber optic,37.64,1262.0,Yes
CUST00804,Male,0,56,No,No,52.8,3457.99,No
CUST00805,Male,0,8,Yes,DSL,107.07,883.73,Yes
CUST00806,Female,0,66,No,DSL,24.96,1072.7,No
CUST00807,Female,0,18,Yes,Fiber optic,97.82,,No
CUST00808,Male,1,6,No,No,84.5,527.68,No
CUST00809,Male,0,53,Yes,Fiber optic,30.41,1090.25,No
CUST00810,Female,0,61,Yes,Fiber optic,76.5,5013.31,Yes
CUST00811,Male,0,56,Yes,Fiber optic,79.38,3915.62,No
CUST00812,Female,0,55,No,DSL,83.68,4364.74,No
CUST00813,Male,0,63,No,DSL,35.33,1837.17,No
CUST00814,Female,0,47,No,Fiber optic,29.43,1243.41,Yes
CUST00815,Male,0,17,Yes,No,52.83,952.93,No
CUST00816,Male,0,41,Yes,DSL,84.8,3603.02,No
CUST00817,Female,0,42,Yes,DSL,80.52,3645.08,No
CUST00818,Female,0,66,Yes,No,99.94,6005.47,No
CUST00819,Female,1,53,Yes,DSL,76.04,3918.32,No
CUST00820,Male,0,17,No,DSL,49.56,892.72,No
CUST00821,Female,0,46,Yes,DSL,98.88,4317.52,No
CUST00822,Male,0,1,Yes,DSL,64.48,56.37,No
CUST00823,Male,1,23,No,Fiber optic,58.46,1124.08,Yes
CUST00824,Male,0,67,Yes,Fiber optic,77.57,4626.62,No
CUST00825,Male,0,64,No,Fiber optic,72.43,,No
CUST00826,Male,0,7,Yes,DSL,89.5,606.83,Yes
CUST00827,Female,0,19,Yes,DSL,29.37,,No
CUST00828,Male,0,2,Yes,Fiber optic,102.06,185.05,Yes
CUST00829,Female,0,9,Yes,DSL,100.28,902.43,Yes
CUST00830,Male,1,1,No,No,68.73,74.53,Yes
CUST00831,Male,0,22,Yes,DSL,84.91,1726.99,No
CUST00832,Male,0,42,Yes,No,49.02,2290.99,No
CUST00833,Female,1,2,No,DSL,73.87,143.21,No
CUST00834,Female,0,11,Yes,Fiber optic,100.97,1112.54,No
CUST00835,Female,0,8,Yes,No,88.81,767.97,Yes
CUST00836,Female,0,10,No,Fiber optic,72.22,719.55,No
CUST00837,Female,0,40,Yes,Fiber optic,54.07,2069.92,Yes
CUST00838,Female,0,17,Yes,DSL,34.31,635.94,No
CUST00839,Male,0,49,Yes,No,55.16,,No
CUST00840,Female,1,26,Yes,DSL,22.89,358.43,No
CUST00841,Male,0,50,Yes,Fiber optic,86.92,4589.5,No
CUST00842,Female,0,45,Yes,DSL,68.61,2860.08,No
CUST00843,Female,0,69,No,No,37.35,2841.41,No
CUST00844,Male,1,2,No,No,90.34,,Yes
CUST00845,Male,0,43,No,DSL,80.45,3491.06,No
CUST00846,Female,0,36,No,DSL,86.76,2814.11,No
CUST00847,Male,0,38,No,Fiber optic,47.52,2126.3,No
CUST00848,Male,0,45,Yes,Fiber optic,69.44,3377.04,No
CUST00849,Female,0,3,No,No,76.68,240.1,Yes
CUST00850,Male,0,33,Yes,No,20.23,479.7,No
CUST00851,Female,0,5,Yes,Fiber optic,75.09,352.86,Yes
CUST00852,Female,0,36,No,DSL,41.41,1170.9,No
CUST00853,Male,0,18,Yes,Fiber optic,78.78,1367.49,No
CUST00854,Male,0,56,Yes,DSL,80.28,4125.12,No
CUST00855,Male,0,38,Yes,DSL,28.42,909.28,No
CUST00856,Male,0,12,Yes,No,92.5,1069.01,No
CUST00857,Female,1,39,Yes,Fiber optic,88.41,3642.82,No
CUST00858,Male,1,62,Yes,DSL,85.87,4860.35,No
CUST00859,Male,0,12,No,DSL,95.21,1071.99,No
CUST00860,Female,1,8,No,DSL,88.4,675.02,No
CUST00861,Male,0,11,No,DSL,97.95,1006.94,Yes
CUST00862,Female,0,0,No,DSL,64.92,,No
CUST00863,Male,0,64,No,DSL,41.74,2844.25,No
CUST00864,Male,0,65,Yes,DSL,89.91,6108.62,No
CUST00865,Male,0,16,No,No,74.9,1085.08,No
CUST00866,Male,0,47,No,No,58.06,3128.96,No
CUST00867,Male,1,19,No,Fiber optic,58.18,933.01,No
CUST00868,Female,0,5,Yes,No,105.83,518.63,Yes
CUST00869,Female,0,10,No,Fiber optic,87.42,812.44,Yes
CUST00870,Male,1,69,No,DSL,39.77,,No
CUST00871,Male,0,40,Yes,DSL,76.7,2885.84,No
CUST00872,Male,0,6,No,Fiber optic,85.01,,Yes
CUST00873,Male,0,12,Yes,DSL,82.91,1036.93,No
CUST00874,Male,1,7,No,Fiber optic,95.04,644.01,No
CUST00875,Female,0,43,Yes,DSL,40.21,1430.69,No
CUST00876,Male,1,9,No,DSL,66.22,574.3,Yes
CUST00877,Female,0,2,No,Fiber optic,109.1,217.01,No
CUST00878,Female,0,40,Yes,Fiber optic,69.03,2595.47,No
CUST00879,Male,1,34,No,DSL,44.29,1627.04,No
CUST00880,Male,0,48,Yes,DSL,92.42,4733.49,No
CUST00881,Male,0,65,No,Fiber optic,73.04,5150.2,Yes
CUST00882,Female,0,7,Yes,DSL,85.7,560.4,Yes
CUST00883,Female,0,48,No,DSL,43.05,1595.13,No
CUST00884,Male,0,49,No,Fiber optic,23.28,,Yes
CUST00885,Male,1,9,Yes,Fiber optic,66.65,518.76,No
CUST00886,Male,1,2,No,Fiber optic,84.81,188.7,Yes
CUST00887,Female,0,11,No,Fiber optic,78.61,954.7,No
CUST00888,Female,1,72,Yes,Fiber optic,97.81,7363.24,Yes
CUST00889,Female,0,1,No,DSL,101.08,,No
CUST00890,Male,0,56,No,Fiber optic,37.15,1792.74,No
CUST00891,Female,0,33,Yes,No,42.34,1436.49,No
CUST00892,Male,0,3,No,Fiber optic,65.65,176.53,No
CUST00893,Male,1,49,No,No,31.29,1430.25,No
CUST00894,Male,0,4,No,No,84.31,310.93,No
CUST00895,Male,0,32,No,DSL,92.62,2895.75,No
CUST00896,Male,0,48,Yes,No,91.15,4665.98,No
CUST00897,Female,1,58,No,DSL,24.11,1231.69,Yes
CUST00898,Female,0,64,Yes,DSL,86.54,5548.17,No
CUST00899,Female,0,4,No,DSL,72.95,293.0,No
CUST00900,Male,0,10,Yes,DSL,71.75,811.45,Yes
CUST00901,Male,0,36,Yes,DSL,72.02,2301.0,No
CUST00902,Female,0,2,Yes,DSL,85.47,,Yes
CUST00903,Female,0,55,Yes,Fiber optic,33.65,1343.8,No
CUST00904,Male,0,12,No,Fiber optic,83.38,884.44,No
CUST00905,Female,1,7,Yes,Fiber optic,88.57,650.45,Yes
CUST00906,Female,0,0,No,DSL,101.45,,No
CUST00907,Female,0,15,Yes,DSL,68.5,918.75,No
CUST00908,Male,0,11,No,No,63.52,640.02,No
CUST00909,Male,0,21,Yes,Fiber optic,86.22,1954.89,No
CUST00910,Female,0,8,Yes,Fiber optic,107.02,,No
CUST00911,Male,1,24,Yes,No,40.88,958.29,No
CUST00912,Female,0,23,Yes,DSL,68.55,1721.02,No
CUST00913,Male,1,7,Yes,DSL,86.85,646.72,Yes
CUST00914,Female,0,36,Yes,DSL,52.16,1970.87,No
CUST00915,Male,0,28,Yes,Fiber optic,99.94,2636.11,No
CUST00916,Male,0,71,Yes,No,27.92,2126.64,No
CUST00917,Male,0,50,No,DSL,21.35,1206.52,No
CUST00918,Male,0,59,Yes,DSL,93.11,5871.94,No
CUST00919,Female,1,12,Yes,Fiber optic,93.77,1187.5,Yes
CUST00920,Female,0,50,Yes,Fiber optic,83.91,,No
CUST00921,Male,0,50,Yes,Fiber optic,94.51,4850.55,No
CUST00922,Male,0,13,No,DSL,74.64,967.65,No
CUST00923,Female,0,7,Yes,Fiber optic,84.03,643.7,Yes
CUST00924,Female,0,36,No,DSL,67.58,2333.83,No
CUST00925,Female,0,9,Yes,DSL,105.69,900.94,No
CUST00926,Female,0,7,No,No,68.35,523.32,No
CUST00927,Female,1,64,No,No,92.8,5438.61,No
CUST00928,Female,0,72,No,Fiber optic,93.76,6651.23,No
CUST00929,Female,0,0,No,DSL,82.54,,Yes
CUST00930,Male,0,54,No,Fiber optic,46.41,2384.53,No
CUST00931,Male,0,7,Yes,Fiber optic,75.67,468.38,Yes
CUST00932,Female,0,22,No,DSL,38.59,865.54,No
CUST00933,Male,0,42,Yes,Fiber optic,54.49,2607.57,No
CUST00934,Female,0,15,Yes,Fiber optic,23.61,296.53,No
CUST00935,Female,0,28,No,DSL,54.58,1591.33,No
CUST00936,Male,0,38,Yes,DSL,25.88,1182.97,No
CUST00937,Female,0,4,Yes,No,77.72,335.16,Yes
CUST00938,Female,1,35,No,DSL,48.87,2040.6,No
CUST00939,Male,0,56,No,Fiber optic,21.7,1414.33,No
CUST00940,Male,0,1,Yes,DSL,101.46,108.0,Yes
CUST00941,Female,0,49,No,Fiber optic,59.97,3101.88,No
CUST00942,Male,0,11,No,Fiber optic,64.14,673.39,No
CUST00943,Female,0,35,Yes,DSL,37.7,1575.13,No
CUST00944,Female,0,57,No,DSL,58.24,2967.81,No
CUST00945,Male,1,56,No,DSL,88.53,5102.23,No
CUST00946,Male,0,29,No,DSL,44.37,1165.21,No
CUST00947,Male,0,48,Yes,DSL,88.06,3916.27,No
CUST00948,Male,1,48,No,Fiber optic,30.5,1840.4,No
CUST00949,Male,0,8,No,No,101.55,757.94,Yes
CUST00950,Female,1,6,No,Fiber optic,99.96,653.22,Yes
CUST00951,Female,0,18,Yes,Fiber optic,62.64,1237.58,No
CUST00952,Male,0,54,Yes,Fiber optic,50.46,2655.42,No
CUST00953,Female,0,39,No,Fiber optic,73.14,2854.41,No
CUST00954,Female,0,1,Yes,DSL,83.4,84.33,Yes
CUST00955,Female,0,7,Yes,DSL,94.21,695.68,No
CUST00956,Male,0,14,Yes,Fiber optic,48.57,744.41,No
CUST00957,Female,1,1,No,DSL,107.2,100.53,No
CUST00958,Female,0,45,Yes,Fiber optic,25.35,1390.13,Yes
CUST00959,Female,0,67,Yes,Fiber optic,20.22,938.3,Yes
CUST00960,Female,0,44,No,DSL,60.83,2791.34,No
CUST00961,Female,0,12,Yes,Fiber optic,24.72,267.57,Yes
CUST00962,Female,0,12,Yes,No,62.89,693.24,No
CUST00963,Male,0,7,No,Fiber optic,87.49,551.28,Yes
CUST00964,Male,0,27,No,Fiber optic,42.65,1341.97,Yes
CUST00965,Female,0,3,Yes,DSL,93.6,269.15,Yes
CUST00966,Female,0,44,Yes,No,86.39,3676.78,No
CUST00967,Male,0,19,No,DSL,21.79,410.2,No
CUST00968,Male,1,3,Yes,Fiber optic,103.55,307.31,No
CUST00969,Female,0,9,Yes,Fiber optic,86.85,693.38,No
CUST00970,Female,0,12,Yes,Fiber optic,30.43,280.73,No
CUST00971,Female,0,15,Yes,DSL,45.93,544.36,No
CUST00972,Female,0,19,No,DSL,24.25,623.89,No
CUST00973,Female,1,52,Yes,DSL,61.06,2914.67,No
CUST00974,Female,1,5,Yes,Fiber optic,68.92,314.55,Yes
CUST00975,Female,0,38,No,DSL,50.47,2132.44,No
CUST00976,Female,0,25,Yes,No,66.95,1503.44,No
CUST00977,Male,0,42,Yes,DSL,23.8,696.32,No
CUST00978,Male,1,50,No,DSL,95.69,4659.38,No
CUST00979,Male,1,62,No,No,52.96,3223.11,No
CUST00980,Male,1,10,Yes,DSL,98.59,1009.41,Yes
CUST00981,Female,1,6,Yes,DSL,106.66,677.59,No
CUST00982,Female,0,69,Yes,Fiber optic,20.82,1065.04,No
CUST00983,Female,1,38,Yes,Fiber optic,60.86,,No
CUST00984,Female,0,13,No,Fiber optic,23.5,244.94,No
CUST00985,Female,1,3,Yes,Fiber optic,105.29,290.18,Yes
CUST00986,Male,0,6,Yes,No,71.14,478.41,Yes
CUST00987,Female,0,56,Yes,DSL,86.82,4401.35,No
CUST00988,Male,1,68,Yes,Fiber optic,68.95,4728.75,No
CUST00989,Female,0,10,No,Fiber optic,91.92,874.6,Yes
CUST00990,Female,0,6,No,DSL,106.12,696.17,No
CUST00991,Female,0,1,Yes,DSL,107.95,114.87,Yes
CUST00992,Female,0,1,Yes,DSL,89.34,97.04,No
CUST00993,Female,0,9,Yes,Fiber optic,63.37,608.36,No
CUST00994,Female,0,5,No,Fiber optic,76.13,376.16,Yes
CUST00995,Female,0,0,No,No,82.05,,Yes
CUST00996,Male,0,1,Yes,DSL,95.43,90.93,No
CUST00997,Male,0,12,No,No,86.89,1000.25,No
CUST00998,Female,0,36,Yes,No,61.67,2503.86,No
CUST00999,Female,0,60,No,Fiber optic,38.52,2807.53,Yes
CUST01000,Female,0,17,No,DSL,56.17,1106.16,No
